status,percentual
Sucesso,0.9989627593101724
Falha,0.0010372406898275432
