mes_ano,vl_medio_pix
2023-01,102.95530051150894
2023-02,104.50146518686986
2023-03,92.40882548675421
2023-04,81.99218657604496
2023-05,80.88709449127953
2023-06,78.80990443678657
2023-07,79.46532673560687
2023-08,84.52682768236816
2023-09,89.79772136569788
