mes_ano,vl_medio_pix
2023-01,98.7725907821229
2023-02,105.11808686659772
2023-03,106.29036034242485
2023-04,84.434269527897
2023-05,99.45300747215971
2023-06,80.32672782708413
2023-07,97.65751942301063
2023-08,145.26186263736264
2023-09,111.62655041698257
